source_id,título,organização,tipo,data,versão,link,uso_permitido,tema,nível_de_confiabilidade,observação,arquivo_local,status,checksum_sha256,data_coleta,source_code_repo,origem_catalogo,papel_documento,fonte_primaria_relacionada,uso_mvp,uso_rag_fase2
AUX_PROCESSADO_AUDITORIA_CORPUS_2026_06_11,AUDITORIA_CORPUS_2026-06-11,ScoutPraia/CEPRAEA,Artefato de auditoria do corpus,2026-06-11,2026-06-11,,uso interno operacional,processamento/auditoria,derivado,Artefato histórico de auditoria do corpus mantido para rastreabilidade; não é fonte primária nem artefato final de RAG.,beach_handball_ai/fontes/05_processado/AUDITORIA_CORPUS_2026-06-11.json,auditoria_auxiliar_historica,107d4cd43f9a86bd8ad5c38443f4951300240eee41d327119a792cd5f798db95,2026-06-11,,beach_handball_ai/fontes,artefato_processado_auxiliar,,nao,bloqueado_ate_fase2
AUX_PROCESSADO_AUDIT_MD_CORPUS,audit_md_corpus,ScoutPraia/CEPRAEA,Script auxiliar de auditoria,2026-06-11,2026-06-11,,uso interno operacional,processamento/script_auxiliar,derivado,Script auxiliar histórico mantido para rastreabilidade do fluxo de auditoria do corpus.,beach_handball_ai/fontes/05_processado/audit_md_corpus.py,script_auxiliar_historico,b1f124de8aab0e576099eda603262f6bb95bf2454a304b3a2172cefc96e1a40b,2026-06-11,,beach_handball_ai/fontes,artefato_processado_auxiliar,,nao,bloqueado_ate_fase2
AUX_PROCESSADO_INDICE_HISTORICO__IHF_RULES_BH_2026_PT_PARTES,_INDICE_HISTORICO__IHF_RULES_BH_2026_PT_PARTES,ScoutPraia/CEPRAEA,Rascunho processado,2026-06-11,2026-06-11,,uso interno operacional,processamento/rascunho,derivado,Rascunho histórico de chunking/conversão mantido apenas para auditoria do processo; não liberar para RAG principal.,beach_handball_ai/fontes/05_processado/documentos_markdown/_rascunhos/_INDICE_HISTORICO__IHF_RULES_BH_2026_PT_PARTES.md,rascunho_historico_bloqueado,d747c9ef53189d7f7d9fb0bedfdb6c94b3f0c47599954f606f909c546da5b170,2026-06-11,,beach_handball_ai/fontes,artefato_processado_auxiliar,,nao,bloqueado_ate_fase2
AUX_PROCESSADO_MD_PROCESSADO_IHF_RULES_BH_2026_PT_PARTE_02,MD_PROCESSADO_IHF_RULES_BH_2026_PT_PARTE_02,ScoutPraia/CEPRAEA,Rascunho processado,2026-06-11,2026-06-11,,uso interno operacional,processamento/rascunho,derivado,Rascunho histórico de chunking/conversão mantido apenas para auditoria do processo; não liberar para RAG principal.,beach_handball_ai/fontes/05_processado/documentos_markdown/_rascunhos/MD_PROCESSADO_IHF_RULES_BH_2026_PT_PARTE_02.md,rascunho_historico_bloqueado,d57b8d74fae75ac24edd730c362002f6754a530d0c050a0f73f98fa08f748be5,2026-06-11,,beach_handball_ai/fontes,artefato_processado_auxiliar,,nao,bloqueado_ate_fase2
AUX_PROCESSADO_MD_PROCESSADO_IHF_RULES_BH_2026_PT_PARTE_03,MD_PROCESSADO_IHF_RULES_BH_2026_PT_PARTE_03,ScoutPraia/CEPRAEA,Rascunho processado,2026-06-11,2026-06-11,,uso interno operacional,processamento/rascunho,derivado,Rascunho histórico de chunking/conversão mantido apenas para auditoria do processo; não liberar para RAG principal.,beach_handball_ai/fontes/05_processado/documentos_markdown/_rascunhos/MD_PROCESSADO_IHF_RULES_BH_2026_PT_PARTE_03.md,rascunho_historico_bloqueado,3eef223d18c31834431ca856a33e2cc7562a035f2317105cbc904e1b597f5e57,2026-06-11,,beach_handball_ai/fontes,artefato_processado_auxiliar,,nao,bloqueado_ate_fase2
AUX_PROCESSADO_MD_PROCESSADO_IHF_RULES_BH_2026_PT_PARTE_04,MD_PROCESSADO_IHF_RULES_BH_2026_PT_PARTE_04,ScoutPraia/CEPRAEA,Rascunho processado,2026-06-11,2026-06-11,,uso interno operacional,processamento/rascunho,derivado,Rascunho histórico de chunking/conversão mantido apenas para auditoria do processo; não liberar para RAG principal.,beach_handball_ai/fontes/05_processado/documentos_markdown/_rascunhos/MD_PROCESSADO_IHF_RULES_BH_2026_PT_PARTE_04.md,rascunho_historico_bloqueado,e662e7e02ab33688db18d218b89255177a1df625450175d0642bdbae2cf32748,2026-06-11,,beach_handball_ai/fontes,artefato_processado_auxiliar,,nao,bloqueado_ate_fase2
AUX_PROCESSADO_MD_PROCESSADO_IHF_RULES_BH_2026_PT_PARTE_05,MD_PROCESSADO_IHF_RULES_BH_2026_PT_PARTE_05,ScoutPraia/CEPRAEA,Rascunho processado,2026-06-11,2026-06-11,,uso interno operacional,processamento/rascunho,derivado,Rascunho histórico de chunking/conversão mantido apenas para auditoria do processo; não liberar para RAG principal.,beach_handball_ai/fontes/05_processado/documentos_markdown/_rascunhos/MD_PROCESSADO_IHF_RULES_BH_2026_PT_PARTE_05.md,rascunho_historico_bloqueado,d909e269001920ee70b2ef9013020bb4f6bd293258415865fd68beddd8876c4c,2026-06-11,,beach_handball_ai/fontes,artefato_processado_auxiliar,,nao,bloqueado_ate_fase2
AUX_PROCESSADO_MD_PROCESSADO_IHF_RULES_BH_2026_PT_PARTE_06,MD_PROCESSADO_IHF_RULES_BH_2026_PT_PARTE_06,ScoutPraia/CEPRAEA,Rascunho processado,2026-06-11,2026-06-11,,uso interno operacional,processamento/rascunho,derivado,Rascunho histórico de chunking/conversão mantido apenas para auditoria do processo; não liberar para RAG principal.,beach_handball_ai/fontes/05_processado/documentos_markdown/_rascunhos/MD_PROCESSADO_IHF_RULES_BH_2026_PT_PARTE_06.md,rascunho_historico_bloqueado,cd6ea46792e4494c9f0e8667adbd2eba7c0ccaacf02833732e67aa95efffbf2e,2026-06-11,,beach_handball_ai/fontes,artefato_processado_auxiliar,,nao,bloqueado_ate_fase2
AUX_PROCESSADO_MD_PROCESSADO__IHF_RULES_BH_2026_PT_TRANSLATION__PARTE_01,MD_PROCESSADO__IHF_RULES_BH_2026_PT_TRANSLATION__PARTE_01,ScoutPraia/CEPRAEA,Rascunho processado,2026-06-11,2026-06-11,,uso interno operacional,processamento/rascunho,derivado,Rascunho histórico de chunking/conversão mantido apenas para auditoria do processo; não liberar para RAG principal.,beach_handball_ai/fontes/05_processado/documentos_markdown/_rascunhos/MD_PROCESSADO__IHF_RULES_BH_2026_PT_TRANSLATION__PARTE_01.md,rascunho_historico_bloqueado,e084a044c76b6cac3950420ef21d6525919cc56992ac05b8caf22cf70e41a572,2026-06-11,,beach_handball_ai/fontes,artefato_processado_auxiliar,,nao,bloqueado_ate_fase2
AUX_PROCESSADO_REVISAO_CHUNKING_IHF_RULES_BH_2026_PT_PARTE_01,REVISAO_CHUNKING_IHF_RULES_BH_2026_PT_PARTE_01,ScoutPraia/CEPRAEA,Rascunho processado,2026-06-11,2026-06-11,,uso interno operacional,processamento/rascunho,derivado,Rascunho histórico de chunking/conversão mantido apenas para auditoria do processo; não liberar para RAG principal.,beach_handball_ai/fontes/05_processado/documentos_markdown/_rascunhos/REVISAO_CHUNKING_IHF_RULES_BH_2026_PT_PARTE_01.md,rascunho_historico_bloqueado,2a583f702d92ac7f9748c7317a39c6111ecfffb2c3aab54942f4729053554595,2026-06-11,,beach_handball_ai/fontes,artefato_processado_auxiliar,,nao,bloqueado_ate_fase2
AUX_PROCESSADO_REVISAO_CHUNKING_IHF_RULES_BH_2026_PT_PARTE_02,REVISAO_CHUNKING_IHF_RULES_BH_2026_PT_PARTE_02,ScoutPraia/CEPRAEA,Rascunho processado,2026-06-11,2026-06-11,,uso interno operacional,processamento/rascunho,derivado,Rascunho histórico de chunking/conversão mantido apenas para auditoria do processo; não liberar para RAG principal.,beach_handball_ai/fontes/05_processado/documentos_markdown/_rascunhos/REVISAO_CHUNKING_IHF_RULES_BH_2026_PT_PARTE_02.md,rascunho_historico_bloqueado,1e8c29596d617bf2a1da99c5bad8d4e6a04b721acda3569acd22eb4f72560c84,2026-06-11,,beach_handball_ai/fontes,artefato_processado_auxiliar,,nao,bloqueado_ate_fase2
AUX_PROCESSADO_REVISAO_CHUNKING_IHF_RULES_BH_2026_PT_PARTE_03,REVISAO_CHUNKING_IHF_RULES_BH_2026_PT_PARTE_03,ScoutPraia/CEPRAEA,Rascunho processado,2026-06-11,2026-06-11,,uso interno operacional,processamento/rascunho,derivado,Rascunho histórico de chunking/conversão mantido apenas para auditoria do processo; não liberar para RAG principal.,beach_handball_ai/fontes/05_processado/documentos_markdown/_rascunhos/REVISAO_CHUNKING_IHF_RULES_BH_2026_PT_PARTE_03.md,rascunho_historico_bloqueado,5b22c90930753e0919815a486529b34a2cd572c4ff930556d86506c7e1ddf41b,2026-06-11,,beach_handball_ai/fontes,artefato_processado_auxiliar,,nao,bloqueado_ate_fase2
AUX_PROCESSADO_REVISAO_CHUNKING_IHF_RULES_BH_2026_PT_PARTE_04,REVISAO_CHUNKING_IHF_RULES_BH_2026_PT_PARTE_04,ScoutPraia/CEPRAEA,Rascunho processado,2026-06-11,2026-06-11,,uso interno operacional,processamento/rascunho,derivado,Rascunho histórico de chunking/conversão mantido apenas para auditoria do processo; não liberar para RAG principal.,beach_handball_ai/fontes/05_processado/documentos_markdown/_rascunhos/REVISAO_CHUNKING_IHF_RULES_BH_2026_PT_PARTE_04.md,rascunho_historico_bloqueado,f46ed5d5da5d5444779236c4f22bb69b09abfe7be89d8b2f0469a55edecc486e,2026-06-11,,beach_handball_ai/fontes,artefato_processado_auxiliar,,nao,bloqueado_ate_fase2
AUX_PROCESSADO_REVISAO_CHUNKING_IHF_RULES_BH_2026_PT_PARTE_05,REVISAO_CHUNKING_IHF_RULES_BH_2026_PT_PARTE_05,ScoutPraia/CEPRAEA,Rascunho processado,2026-06-11,2026-06-11,,uso interno operacional,processamento/rascunho,derivado,Rascunho histórico de chunking/conversão mantido apenas para auditoria do processo; não liberar para RAG principal.,beach_handball_ai/fontes/05_processado/documentos_markdown/_rascunhos/REVISAO_CHUNKING_IHF_RULES_BH_2026_PT_PARTE_05.md,rascunho_historico_bloqueado,8381c9685633bf01cebd9003935ab1abf4cc75ef44881e90aedded1f03f7203d,2026-06-11,,beach_handball_ai/fontes,artefato_processado_auxiliar,,nao,bloqueado_ate_fase2
AUX_PROCESSADO_REVISAO_CHUNKING_IHF_RULES_BH_2026_PT_PARTE_06,REVISAO_CHUNKING_IHF_RULES_BH_2026_PT_PARTE_06,ScoutPraia/CEPRAEA,Rascunho processado,2026-06-11,2026-06-11,,uso interno operacional,processamento/rascunho,derivado,Rascunho histórico de chunking/conversão mantido apenas para auditoria do processo; não liberar para RAG principal.,beach_handball_ai/fontes/05_processado/documentos_markdown/_rascunhos/REVISAO_CHUNKING_IHF_RULES_BH_2026_PT_PARTE_06.md,rascunho_historico_bloqueado,7d72d5912384af0e4af4f5029c5493d0c718ac6dfffe48d5c48bdd9d043be31e,2026-06-11,,beach_handball_ai/fontes,artefato_processado_auxiliar,,nao,bloqueado_ate_fase2
CBHB_REGULAMENTO_BH_2026,Circuito Brasileiro Adulto de Handebol de Praia - Regulamento 2026,CBHb,Regulamento nacional,2026,2026,Origem privada: arquivo recebido via WhatsApp,uso interno educacional,regra/competição,A interno / não público,Documento privado de competição; usar como fonte interna até confirmação pública oficial.,beach_handball_ai/fontes/03_cbhb_brasil/regulamento_cbhb_2026.pdf,conteudo_lido_origem_privada_whatsapp,0a20721623c253035fe5ee586d22e39b1f1c827c6416ed02336f29e6524f7f5c,2026-06-11,,beach_handball_ai/fontes,fonte_primaria_privada,,referencia,permitido_so_com_ressalva_de_origem
CHUNKS_ETAPA_4_AUDITORIA_MD,Auditoria da Etapa 4,ScoutPraia/CEPRAEA,Artefato de auditoria,2026-06-11,2026-06-11,,uso interno operacional,chunking/auditoria,derivado,Resumo de auditoria do corpus estruturado da Etapa 4 com contagens por status e tema.,beach_handball_ai/fontes/05_processado/chunks_jsonl/CHUNKS_ETAPA_4_AUDITORIA.md,auditoria_chunking_etapa_4_atualizada,d43bc580382355d5c72e97e37fc65aa0651adff4061b91ded3f8f4b4135d662e,2026-06-11,,beach_handball_ai/fontes,artefato_processado_consolidado,CHUNKS_ETAPA_4_CORPUS_JSONL,nao,bloqueado_ate_fase2_global
CHUNKS_ETAPA_4_CORPUS_JSONL,Chunks Estruturados da Etapa 4,ScoutPraia/CEPRAEA,Artefato de processamento,2026-06-11,2026-06-11,,uso interno operacional,chunking/corpus_final,derivado,"Corpus estruturado de chunks da Etapa 4 com metadados por unidade, separacao de precedencia e historicos deprecated.",beach_handball_ai/fontes/05_processado/chunks_jsonl/CHUNKS_ETAPA_4_CORPUS.jsonl,chunks_etapa_4_gerados,def8f47aa92f3f62a0ea11d02d9e2367a8d778a47e401131ab8cdc59467d186d,2026-06-11,,beach_handball_ai/fontes,artefato_processado_consolidado,,nao,bloqueado_ate_fase2_global
CHUNKS_FINAIS_RAG_IHF_RULES_BH_2026_PT_MD,CHUNKS_FINAIS_RAG_IHF_RULES_BH_2026_PT,ScoutPraia/CEPRAEA,Artefato processado markdown,2026-06-11,2026-06-11,,uso interno operacional,chunking/revisao_final,derivado,Artefato legado de curadoria IHF convertido para o JSONL estruturado da Etapa 4; manter apenas como base historica auditavel.,beach_handball_ai/fontes/05_processado/chunks_jsonl/CHUNKS_FINAIS_RAG_IHF_RULES_BH_2026_PT.md,historico_convertido_para_jsonl_etapa_4,f6015898a52e227ac5034ab07935ac58c058686ad6e7ee5cd765179d03fafff2,2026-06-11,,beach_handball_ai/fontes,artefato_processado_consolidado,IHF_RULES_BH_2026_PT_TRANSLATION,nao,bloqueado_ate_fase2_global
CRITERIOS_TATICOS_CEPRAEA,Critérios Táticos CEPRAEA,CEPRAEA,Fonte própria interna,,v0,,uso interno operacional,criterios de interpretação/treino,C interno controlado,"Critérios internos para transformar eventos e KPIs em leitura tática, sem converter convenção interna em regra ou KPI final estabilizado.",beach_handball_ai/fontes/04_fontes_proprias_cepraea/criterios_taticos_cepraea.md,base_interna_elaborada_v0,511d793dc96dc993fc39ae3a8683491196fc62264c083a8ad5070c40d033e1bb,2026-06-11,,beach_handball_ai/fontes,fonte_propria_em_elaboracao,,apoio,permitido_com_prioridade_baixa_e_ressalva_interna
FHERJ_ESCLARECIMENTOS_REGRAS_2025,Esclarecimentos à Regra de Jogo - Handebol de Praia,FHERJ,Esclarecimento regional,2025-04-23,2025,Drive interno,uso interno educacional,arbitragem/regra regional,C,Fonte regional de apoio; não classificar como normativa principal.,beach_handball_ai/fontes/01_ihf_regras/Esclarecimentos regras de jogo.pdf,apoio_regional_conteudo_lido,5e8beeeb6a9ad58990d5abadcae9dfca3a970c269b290b637ad9a405b09225db,2026-06-11,,beach_handball_ai/fontes,fonte_regional_de_apoio,SRC_IHF_RULES_FILE,nao,permitido_somente_com_ressalva
FHERJ_MUDANCAS_REGRAS_BH_2026,Mudanças nas Regras de Handebol de Praia 2026,FHERJ,Circular regional,2026-03-17,2026,Drive interno,uso interno educacional,arbitragem/regra regional,C,Circular regional FHERJ sobre a entrada em vigor das mudanças IHF.,beach_handball_ai/fontes/01_ihf_regras/Mudanças nas Regras de Handebol de Praia 2026.pdf,apoio_regional_conteudo_lido,48c6a171f4e3a46f3c42c19b71f28de74f1710174551d8cc430c540a3e8eaa0f,2026-06-11,,beach_handball_ai/fontes,fonte_regional_de_apoio,IHF_UPDATE_BH_2026_04,nao,permitido_somente_com_ressalva
FONTES_OFICIAIS_CSV,Registro de Fontes Oficiais (CSV),ScoutPraia/CEPRAEA,Artefato de controle,2026-06-11,2026-06-11,,uso interno operacional,catalogo/fontes,derivado,Registro canônico em CSV do corpus combinado docs/sources + beach_handball_ai/fontes. O checksum desta linha e ciclico por definicao e deve ser auditado pelo manifest.,beach_handball_ai/fontes/00_registro/fontes_oficiais.csv,registro_canonico_atualizado,CONTROLE_CICLICO_VER_MANIFESTO,2026-06-11,,beach_handball_ai/fontes,artefato_de_controle,,sim,apoio_de_governanca
FONTES_OFICIAIS_XLSX,Registro de Fontes Oficiais (XLSX),ScoutPraia/CEPRAEA,Artefato de controle,2026-06-11,2026-06-11,,uso interno operacional,catalogo/fontes,derivado,Espelho operacional em planilha do registro canônico de fontes. O checksum desta linha e ciclico por definicao e deve ser auditado pelo manifest.,beach_handball_ai/fontes/00_registro/fontes_oficiais.xlsx,registro_canonico_atualizado,CONTROLE_CICLICO_VER_MANIFESTO,2026-06-11,,beach_handball_ai/fontes,artefato_de_controle,FONTES_OFICIAIS_CSV,sim,apoio_de_governanca
GLOSSARIO_TECNICO_CEPRAEA,Glossário Técnico CEPRAEA,CEPRAEA,Fonte própria interna,,v0,,uso interno operacional,linguagem interna/glossário operacional,C interno controlado,Glossário interno base alinhado ao ScoutPraia v0.1. Distingue termos operacionais já ancorados no app de convenções internas ainda pendentes de formalização.,beach_handball_ai/fontes/04_fontes_proprias_cepraea/glossario_tecnico_cepraea.md,base_interna_elaborada_v0,c2a5d84b1d68ddf20926cd5bec87fc75c90fa183701bbf1aab4624ca2345117b,2026-06-11,,beach_handball_ai/fontes,fonte_propria_em_elaboracao,,apoio,permitido_com_prioridade_baixa_e_ressalva_interna
IHF_PAGE_BH_RULES_2026,Rules of the Game (Beach Handball),IHF,Página oficial,2026,2026,https://www.ihf.info/node/4653,uso interno educacional,regra,A,Página oficial IHF confirmando regras e apêndices oficiais.,beach_handball_ai/fontes/01_ihf_regras/pagina_ihf_rules_beach_handball.md,validado,72eb10a525f96d6bf6936e9b2ca8e63aa8174b0f308132371bf6b5372f4d9d3a,2026-06-11,,beach_handball_ai/fontes,fonte_primaria_institucional,,referencia,permitido_quando_fase2_liberada
IHF_RULES_BH_2026_DE,Rules of the Game for Beach Handball - German,IHF,Regra oficial,2026-03-01,2026,https://www.ihf.info/sites/default/files/2026-02/09B%20-%20Rules%20of%20the%20Game_Beach%20Handball_D.pdf,uso interno educacional,regra,A,Versão oficial em alemão para conferência linguística.,beach_handball_ai/fontes/01_ihf_regras/regras_ihf_beach_handball_2026_de.pdf.pdf,duplicata_linguistica_conferencia_nao_prioritaria,8ccd00065cfa360c72ed66a03fd70445902c31eeb82407cd7eafe909359f76e3,2026-06-11,SRC-IHF-RULES,beach_handball_ai/fontes,duplicata_linguistica,SRC_IHF_RULES_FILE,nao,permitido_so_para_conferencia
IHF_RULES_BH_2026_EN,Rules of the Game for Beach Handball,IHF,Regra oficial,2026-03-01,2026,https://www.ihf.info/sites/default/files/2026-03/09B%20-%20Rules%20of%20the%20Game_Beach%20Handball_E.pdf,uso interno educacional,regra,A,Versão em inglês usada como referência normativa no corpus operacional.,beach_handball_ai/fontes/01_ihf_regras/regras_ihf_beach_handball_2026_en.pdf.pdf,validado,5569dc73686c8a51a6549d969e91efa0d54979c8be1013462bb4aba472fd2dfd,2026-06-11,SRC-IHF-RULES,beach_handball_ai/fontes,copia_operacional_de_fonte_primaria,SRC_IHF_RULES_FILE,apoio,permitido_quando_fase2_liberada
IHF_RULES_BH_2026_FR,Rules of the Game for Beach Handball - French,IHF,Regra oficial,2026-03-01,2026,https://www.ihf.info/sites/default/files/2026-02/09B%20-%20Rules%20of%20the%20Game_Beach%20Handball_F.pdf,uso interno educacional,regra,A,Versão oficial em francês para conferência linguística.,beach_handball_ai/fontes/01_ihf_regras/regras_ihf_beach_handball_2026_fr.pdf.pdf,duplicata_linguistica_conferencia_nao_prioritaria,ba525740a0af18e86073c5bc92d5dd6ab00039e17a196842ed0bc56ad165e240,2026-06-11,SRC-IHF-RULES,beach_handball_ai/fontes,duplicata_linguistica,SRC_IHF_RULES_FILE,nao,permitido_so_para_conferencia
IHF_RULES_BH_2026_PT_TRANSLATION,Regras de Handebol de Praia 2026 - Tradução 29 de maio de 2026,Tradução técnica - Luiz Filipe Galvão da Silva Caldas,Tradução técnica,2026-05-29,2026,Drive interno,uso interno educacional,regra/tradução,B operacional / apoio em português,Tradução operacional; manter a IHF em inglês como fonte normativa para conflito.,beach_handball_ai/fontes/01_ihf_regras/Regras de Handebol de Praia 2026 - Tradução 29 de maio de 2026.pdf,apoio_operacional_pt_traducao_literal,a9af9932e14cf2a2d272192c680c4458ea3af59fb4dcbd3bfdbb5e3aa7c8fae8,2026-06-11,SRC-IHF-RULES,beach_handball_ai/fontes,traducao_operacional,SRC_IHF_RULES_FILE,apoio,permitido_com_prioridade_menor
IHF_RULES_BH_2026_WORKING_COPY,Rules of the Game for Beach Handball — working copy,IHF,Regra oficial,2026-03-01,2026,https://www.ihf.info/sites/default/files/2026-03/09B%20-%20Rules%20of%20the%20Game_Beach%20Handball_E.pdf,uso interno educacional,regra,A,Cópia operacional de trabalho do PDF IHF em inglês.,beach_handball_ai/fontes/01_ihf_regras/regras_ihf_beach_handball_2026.pdf,copia_trabalho_da_fonte_canonica,5569dc73686c8a51a6549d969e91efa0d54979c8be1013462bb4aba472fd2dfd,2026-06-11,SRC-IHF-RULES,beach_handball_ai/fontes,copia_operacional_de_fonte_primaria,SRC_IHF_RULES_FILE,apoio,permitido_quando_fase2_liberada
IHF_UPDATE_BH_2026_04,New rules for beach handball and wheelchair handball to be observed from 1 April and 1 July,IHF,Atualização oficial,2026-03-13,2026,https://www.ihf.info/media-center/news/new-rules-beach-handball-and-wheelchair-handball-be-observed-1-april-and-1-july,uso interno educacional,regra,A,Atualização oficial IHF com vigência em 1 de abril de 2026.,beach_handball_ai/fontes/01_ihf_regras/atualizacoes_ihf_2026.md,validado,f6e08e8e4f91a8cd48014a071b537d5d5fc77d5beee85b815633691af02fcd8e,2026-06-11,,beach_handball_ai/fontes,fonte_primaria_normativa,,referencia,permitido_quando_fase2_liberada
MANIFEST_CHECKSUMS_JSON,Manifest Checksums do Corpus,ScoutPraia/CEPRAEA,Artefato de controle,2026-06-11,2026-06-11,,uso interno operacional,processamento/manifesto,derivado,Manifest SHA-256 do catalogo canonico e do corpus operacional. O checksum desta linha no registro e ciclico por dependencia mutua com CSV/XLSX.,beach_handball_ai/fontes/05_processado/manifest_checksums.json,manifest_atualizado,CONTROLE_CICLICO_VER_MANIFESTO,2026-06-11,,beach_handball_ai/fontes,artefato_de_controle,,sim,apoio_de_governanca
MD_PROCESSADO_CBHB_REGULAMENTO_BH_2026,MD_PROCESSADO__CBHB_REGULAMENTO_BH_2026,ScoutPraia/CEPRAEA,Artefato processado markdown,2026-06-11,2026-06-11,,uso interno operacional,processamento/intermediario,derivado,"Revisão manual assistida confirmou capítulos e artigos identificáveis no markdown; para tabelas e diagramação específica de competição, preferir o PDF original.",beach_handball_ai/fontes/05_processado/documentos_markdown/MD_PROCESSADO__CBHB_REGULAMENTO_BH_2026.md,revisado_manual_hierarquia_capitulos_ok,838800ab46957bfac4e3d393c24b2baee79ab44c05c6c60f2c3e106edb31bb7e,2026-06-11,,beach_handball_ai/fontes,artefato_processado_consolidado,CBHB_REGULAMENTO_BH_2026,nao,revisado_manual_bloqueado_ate_fase2_global
MD_PROCESSADO_FHERJ_ESCLARECIMENTOS_REGRAS_2025,MD_PROCESSADO__FHERJ_ESCLARECIMENTOS_REGRAS_2025,ScoutPraia/CEPRAEA,Artefato processado markdown,2026-06-11,2026-06-11,,uso interno operacional,processamento/intermediario,derivado,"Revisão manual assistida confirmou seções EQUPE, TIRO DE ÁRBITRO, JOGO PASSIVO, SHOOT OUT e PUNIÇÕES legíveis no markdown.",beach_handball_ai/fontes/05_processado/documentos_markdown/MD_PROCESSADO__FHERJ_ESCLARECIMENTOS_REGRAS_2025.md,revisado_manual_texto_normativo_ok,1fb0e06631c89515e8b98278e51a40e648fc4ccdbc6b2476fa6e26106989f2cb,2026-06-11,,beach_handball_ai/fontes,artefato_processado_consolidado,FHERJ_ESCLARECIMENTOS_REGRAS_2025,nao,revisado_manual_bloqueado_ate_fase2_global
MD_PROCESSADO_FHERJ_MUDANCAS_REGRAS_BH_2026,MD_PROCESSADO__FHERJ_MUDANCAS_REGRAS_BH_2026,ScoutPraia/CEPRAEA,Artefato processado markdown,2026-06-11,2026-06-11,,uso interno operacional,processamento/intermediario,derivado,"Revisão manual assistida confirmou os blocos sobre jogo passivo, últimos 15 segundos, proteção do goleiro e equipamento dos jogadores.",beach_handball_ai/fontes/05_processado/documentos_markdown/MD_PROCESSADO__FHERJ_MUDANCAS_REGRAS_BH_2026.md,revisado_manual_texto_normativo_ok,21b668cd1ba3587b425027602db91843e8e1129341180a8b15c324b44a3bb15a,2026-06-11,,beach_handball_ai/fontes,artefato_processado_consolidado,FHERJ_MUDANCAS_REGRAS_BH_2026,nao,revisado_manual_bloqueado_ate_fase2_global
MD_PROCESSADO_IHF_PAGE_BH_RULES_2026,MD_PROCESSADO__IHF_PAGE_BH_RULES_2026,ScoutPraia/CEPRAEA,Artefato processado markdown,,2026-06-11,,uso interno operacional,processamento/intermediario,derivado,Conteúdo consolidado em Markdown a partir do melhor artefato disponível; DOCX intermediário removido.,beach_handball_ai/fontes/05_processado/documentos_markdown/MD_PROCESSADO__IHF_PAGE_BH_RULES_2026.md,derivado_markdown_consolidado,60fcb47c38beadb000407ee74e2c8d825cb3f3b845aedd34491c6bf51c7a2460,2026-06-11,,beach_handball_ai/fontes,artefato_processado_consolidado,,nao,bloqueado_ate_consolidacao
MD_PROCESSADO_IHF_RULES_BH_2026_DE,MD_PROCESSADO__IHF_RULES_BH_2026_DE,ScoutPraia/CEPRAEA,Artefato processado markdown,2026-06-11,2026-06-11,,uso interno operacional,processamento/intermediario,derivado,"Revisão manual assistida confirmou índice, Regel 7 e apêndices críticos identificáveis; sinais ilustrados, quadros visuais de uniforme e componentes gráficos seguem dependentes do PDF alemão.",beach_handball_ai/fontes/05_processado/documentos_markdown/MD_PROCESSADO__IHF_RULES_BH_2026_DE.md,revisado_manual_hierarquia_ok_apendices_identificaveis_lacunas_visuais,84b3b404eae49e9c52c2ba69dadc4925b94f2f0360d6cce62c0ba114525bc5c8,2026-06-11,SRC-IHF-RULES,beach_handball_ai/fontes,artefato_processado_consolidado,IHF_RULES_BH_2026_DE,nao,revisado_manual_bloqueado_ate_fase2_global
MD_PROCESSADO_IHF_RULES_BH_2026_EN,MD_PROCESSADO__IHF_RULES_BH_2026_EN,ScoutPraia/CEPRAEA,Artefato processado markdown,2026-06-11,2026-06-11,,uso interno operacional,processamento/intermediario,derivado,"Revisão manual assistida confirmou índice, Rule 7, Clarifications, Substitution Area, Athlete Uniform e Sand Quality/Lighting identificáveis; páginas fotográficas de sinais e layouts visuais exigem o PDF original.",beach_handball_ai/fontes/05_processado/documentos_markdown/MD_PROCESSADO__IHF_RULES_BH_2026_EN.md,revisado_manual_hierarquia_ok_apendices_identificaveis_lacunas_visuais,8945b72d46e5d8cbede3cdf1bdca0110a804a7d31496cc1556c3ef89b0f49829,2026-06-11,SRC-IHF-RULES,beach_handball_ai/fontes,artefato_processado_consolidado,IHF_RULES_BH_2026_EN,nao,revisado_manual_bloqueado_ate_fase2_global
MD_PROCESSADO_IHF_RULES_BH_2026_FR,MD_PROCESSADO__IHF_RULES_BH_2026_FR,ScoutPraia/CEPRAEA,Artefato processado markdown,2026-06-11,2026-06-11,,uso interno operacional,processamento/intermediario,derivado,"Revisão manual assistida confirmou índice, Règle 7 e apêndices críticos identificáveis; gestos dos árbitros e componentes visuais seguem dependentes do PDF francês.",beach_handball_ai/fontes/05_processado/documentos_markdown/MD_PROCESSADO__IHF_RULES_BH_2026_FR.md,revisado_manual_hierarquia_ok_apendices_identificaveis_lacunas_visuais,cd940328b02c3b40497766c439c385f0eb26e14f5d66a0477e20d4e053f40f35,2026-06-11,SRC-IHF-RULES,beach_handball_ai/fontes,artefato_processado_consolidado,IHF_RULES_BH_2026_FR,nao,revisado_manual_bloqueado_ate_fase2_global
MD_PROCESSADO_IHF_RULES_BH_2026_PT_TRANSLATION,MD_PROCESSADO__IHF_RULES_BH_2026_PT_TRANSLATION,ScoutPraia/CEPRAEA,Artefato processado markdown,2026-06-11,2026-06-11,,uso interno operacional,processamento/intermediario,derivado,"Revisão manual assistida confirmou índice em português, Regra 7 e apêndices críticos identificáveis; elementos fortemente visuais continuam dependentes do PDF traduzido.",beach_handball_ai/fontes/05_processado/documentos_markdown/MD_PROCESSADO__IHF_RULES_BH_2026_PT_TRANSLATION.md,revisado_manual_hierarquia_ok_apendices_identificaveis_lacunas_visuais,40791d1eed377d3dd674d2ac84b14e76958b039d278be3a6447322b33895aa53,2026-06-11,SRC-IHF-RULES,beach_handball_ai/fontes,artefato_processado_consolidado,IHF_RULES_BH_2026_PT_TRANSLATION,nao,revisado_manual_bloqueado_ate_fase2_global
MD_PROCESSADO_IHF_RULES_BH_2026_WORKING_COPY,MD_PROCESSADO__IHF_RULES_BH_2026_WORKING_COPY,ScoutPraia/CEPRAEA,Artefato processado markdown,2026-06-11,2026-06-11,,uso interno operacional,processamento/intermediario,derivado,Revisão manual assistida confirmou Rule 7 e apêndices críticos identificáveis; sinais ilustrados e componentes de layout visual seguem dependentes do PDF original.,beach_handball_ai/fontes/05_processado/documentos_markdown/MD_PROCESSADO__IHF_RULES_BH_2026_WORKING_COPY.md,revisado_manual_hierarquia_ok_apendices_identificaveis_lacunas_visuais,9b0f8d834225be142cb5eea8ed26ebfb733f35c47178f2d0db31c72909be0c5a,2026-06-11,SRC-IHF-RULES,beach_handball_ai/fontes,artefato_processado_consolidado,IHF_RULES_BH_2026_WORKING_COPY,nao,revisado_manual_bloqueado_ate_fase2_global
MD_PROCESSADO_IHF_UPDATE_BH_2026_04,MD_PROCESSADO__IHF_UPDATE_BH_2026_04,ScoutPraia/CEPRAEA,Artefato processado markdown,,2026-06-11,,uso interno operacional,processamento/intermediario,derivado,Conteúdo consolidado em Markdown a partir do melhor artefato disponível; DOCX intermediário removido.,beach_handball_ai/fontes/05_processado/documentos_markdown/MD_PROCESSADO__IHF_UPDATE_BH_2026_04.md,derivado_markdown_consolidado,dd43748e46ade89102ff0913b64e31c291839dbba1d51d568a55a96a2bca0c14,2026-06-11,,beach_handball_ai/fontes,artefato_processado_consolidado,,nao,bloqueado_ate_consolidacao
MD_PROCESSADO_MINI_BEACH_HANDBALL_INFO_SHEET,MD_PROCESSADO__MINI_BEACH_HANDBALL_INFO_SHEET,ScoutPraia/CEPRAEA,Artefato processado markdown,2026-06-11,2026-06-11,,uso interno operacional,processamento/intermediario,derivado,Revisão manual assistida confirmou recomendações de mini/ultimate beach handball legíveis; o box lateral de scoring system foi incorporado em linha no texto extraído.,beach_handball_ai/fontes/05_processado/documentos_markdown/MD_PROCESSADO__MINI_BEACH_HANDBALL_INFO_SHEET.md,revisado_manual_texto_ok_box_lateral_inline,ebb3c230ca751fed2cac492b693521aa21a26e1cb855f7d42c177b78e84b1123,2026-06-11,,beach_handball_ai/fontes,artefato_processado_consolidado,MINI_BEACH_HANDBALL_INFO_SHEET,nao,revisado_manual_bloqueado_ate_fase2_global
MD_PROCESSADO_REFEREEING_BEACH_HANDBALL,MD_PROCESSADO__REFEREEING_BEACH_HANDBALL,ScoutPraia/CEPRAEA,Artefato processado markdown,2026-06-11,2026-06-11,,uso interno operacional,processamento/intermediario,derivado,Revisão manual assistida confirmou texto narrativo e marcadores de figuras; gráficos e mapas visuais devem ser consultados no PDF original.,beach_handball_ai/fontes/05_processado/documentos_markdown/MD_PROCESSADO__REFEREEING_BEACH_HANDBALL.md,revisado_manual_texto_narrativo_ok_figuras_com_ressalva,641a1ec7580ef0dad70452cc0d3bb42fb7c44700cbe877f8aef6cc988b1de6ec,2026-06-11,,beach_handball_ai/fontes,artefato_processado_consolidado,REFEREEING_BEACH_HANDBALL,nao,revisado_manual_bloqueado_ate_fase2_global
MD_PROCESSADO_SHOOTOUT_PSYCHOLOGICAL_PRESSURE,MD_PROCESSADO__SHOOTOUT_PSYCHOLOGICAL_PRESSURE,ScoutPraia/CEPRAEA,Artefato processado markdown,2026-06-11,2026-06-11,,uso interno operacional,processamento/intermediario,derivado,"Revisão manual assistida confirmou integridade dos blocos narrativos centrais sobre pressão psicológica, foco e ansiedade competitiva.",beach_handball_ai/fontes/05_processado/documentos_markdown/MD_PROCESSADO__SHOOTOUT_PSYCHOLOGICAL_PRESSURE.md,revisado_manual_texto_narrativo_ok,745612b36b570db4867594137d217b46d57b8096cfe38750b77f065f9d375a21,2026-06-11,,beach_handball_ai/fontes,artefato_processado_consolidado,SHOOTOUT_PSYCHOLOGICAL_PRESSURE,nao,revisado_manual_bloqueado_ate_fase2_global
MD_PROCESSADO_SRC_IHF_RULES_FILE,MD_PROCESSADO__SRC_IHF_RULES_FILE,ScoutPraia/CEPRAEA,Artefato processado markdown,2026-06-11,2026-06-11,,uso interno operacional,processamento/intermediario,derivado,Revisão manual assistida equivalente à cópia operacional IHF em inglês: Rule 7 e apêndices identificáveis; conteúdo fotográfico e layouts visuais exigem o PDF original.,beach_handball_ai/fontes/05_processado/documentos_markdown/MD_PROCESSADO__SRC_IHF_RULES_FILE.md,revisado_manual_hierarquia_ok_apendices_identificaveis_lacunas_visuais,334bf7b4a53a251b3d16c77b424a3f76495f65fd2c3ff5541bcc6bb5a9b62ffe,2026-06-11,SRC-IHF-RULES,beach_handball_ai/fontes,artefato_processado_consolidado,SRC_IHF_RULES_FILE,nao,revisado_manual_bloqueado_ate_fase2_global
MD_PROCESSADO_SRC_NOTATIONAL_BH_IANNACCONE_2022,MD_PROCESSADO__SRC_NOTATIONAL_BH_IANNACCONE_2022,ScoutPraia/CEPRAEA,Artefato processado markdown,2026-06-11,2026-06-11,,uso interno operacional,processamento/intermediario,derivado,"Revisão manual assistida confirmou Abstract, Introduction, Methods, Results, Conclusions e Tabelas 1–6 legíveis no markdown processado.",beach_handball_ai/fontes/05_processado/documentos_markdown/MD_PROCESSADO__SRC_NOTATIONAL_BH_IANNACCONE_2022.md,revisado_manual_artigo_tabelas_principais_ok,6dba791b9dbfd28f60dade8f87471b63ae514b376d3743306ccc5461529b0ac0,2026-06-11,SRC-NOTATIONAL-BH,beach_handball_ai/fontes,artefato_processado_consolidado,SRC_NOTATIONAL_BH_IANNACCONE_2022,nao,revisado_manual_bloqueado_ate_fase2_global
MD_PROCESSADO_SRC_RAG_STRUCTURED_FILE,MD_PROCESSADO__SRC_RAG_STRUCTURED_FILE,ScoutPraia/CEPRAEA,Artefato processado markdown,2026-06-11,2026-06-11,,uso interno operacional,processamento/intermediario,derivado,"Revisão manual assistida confirmou Abstract, Introduction, Methodology, Results, Conclusion e Tabelas 1–7 identificáveis no markdown processado.",beach_handball_ai/fontes/05_processado/documentos_markdown/MD_PROCESSADO__SRC_RAG_STRUCTURED_FILE.md,revisado_manual_artigo_tabelas_principais_ok,983ecd31c0dc57e08b31fff5e36bcec2344f266ba7b5ca75af73b8cb29ed46b0,2026-06-11,SRC-RAG-STRUCTURED,beach_handball_ai/fontes,artefato_processado_consolidado,SRC_RAG_STRUCTURED_FILE,nao,revisado_manual_bloqueado_ate_fase2_global
MD_PROCESSADO_SRC_WOMENS_BH_STATISTICS_2022,MD_PROCESSADO__SRC_WOMENS_BH_STATISTICS_2022,ScoutPraia/CEPRAEA,Artefato processado markdown,2026-06-11,2026-06-11,,uso interno operacional,processamento/intermediario,derivado,"Revisão manual assistida confirmou Abstract, Introduction, Methods, Results, Discussion and conclusions e Tabelas 1–4 legíveis no markdown processado.",beach_handball_ai/fontes/05_processado/documentos_markdown/MD_PROCESSADO__SRC_WOMENS_BH_STATISTICS_2022.md,revisado_manual_artigo_tabelas_principais_ok,5ad67884b30dade25c4644ab1b0a4aad919e8e087d8f93ee078df27476828647,2026-06-11,SRC-NOTATIONAL-BH,beach_handball_ai/fontes,artefato_processado_consolidado,SRC_WOMENS_BH_STATISTICS_2022,nao,revisado_manual_bloqueado_ate_fase2_global
MD_PROCESSADO_ULTIMATE_SCHOOL_HANDBALL_2025,MD_PROCESSADO__ULTIMATE_SCHOOL_HANDBALL_2025,ScoutPraia/CEPRAEA,Artefato processado markdown,2026-06-11,2026-06-11,,uso interno operacional,processamento/intermediario,derivado,Revisão manual assistida confirmou a introdução e os blocos pedagógicos centrais em texto limpo suficiente para leitura técnica.,beach_handball_ai/fontes/05_processado/documentos_markdown/MD_PROCESSADO__ULTIMATE_SCHOOL_HANDBALL_2025.md,revisado_manual_texto_narrativo_ok,4426b18fa48679c1ea1061dccfc4866a45d6e859d2efcebda1f3f3da7e8f1a63,2026-06-11,,beach_handball_ai/fontes,artefato_processado_consolidado,ULTIMATE_SCHOOL_HANDBALL_2025,nao,revisado_manual_bloqueado_ate_fase2_global
METADADOS_TEMATICOS_ETAPA_3_JSONL,Metadados Tematicos da Etapa 3,ScoutPraia/CEPRAEA,Artefato de processamento,2026-06-11,2026-06-11,,uso interno operacional,processamento/metadata,derivado,Inventário pre-chunking com metadados temáticos para separação por tema.,beach_handball_ai/fontes/05_processado/chunks_jsonl/METADADOS_TEMATICOS_ETAPA_3.jsonl,metadata_pre_chunking_atualizada,0426395ca3a5add387054ac0c5a6335f16372b89595ea8516a8edab8fd6df34c,2026-06-11,,beach_handball_ai/fontes,artefato_processado_consolidado,,nao,bloqueado_ate_fase2
MINI_BEACH_HANDBALL_INFO_SHEET,Mini Beach Handball Info Sheet 2020,EHF,Ficha educacional oficial,2020-09-24,2020,https://beach.eurohandball.com/media/ftgd4hgm/mini-beach-handball_info-sheet-2020.pdf,uso interno operacional,iniciação infantil/regras adaptadas/mini beach handball,B,"Ficha EHF de introdução ao mini e ultimate beach handball para crianças, com campo reduzido, bola macia, substituição em bloco, contagem adaptada de 2 pontos e shoot-out adaptado. Usar para iniciação infantil e adaptação pedagógica; não aplicar como regra oficial adulta.",beach_handball_ai/fontes/02_ehf_tecnico/mini_beach_handball_info_sheet.pdf,validado_tecnico_educacional_ehf,77eaffe3ce05936f329c3de167dac872610f32cbaf8d5ab1d9735d957ea42eab,2026-06-11,,beach_handball_ai/fontes,fonte_tecnica_esperada,,apoio,permitido_quando_fase2_liberada
PLAYBOOK_CEPRAEA,Playbook CEPRAEA,CEPRAEA,Fonte própria interna,,v0,,uso interno operacional,processo interno/leitura de jogo,C interno controlado,"Playbook base para transformar marcação em leitura e decisão de treino, sempre subordinado à regra oficial, taxonomia e matriz de evidência.",beach_handball_ai/fontes/04_fontes_proprias_cepraea/playbook_cepraea.md,base_interna_elaborada_v0,31e04e0ea11c5502398d5fed3e6c816cbb1986c23f587a868cfac88d4f9c9b3e,2026-06-11,,beach_handball_ai/fontes,fonte_propria_em_elaboracao,,apoio,permitido_com_prioridade_baixa_e_ressalva_interna
REFEREEING_BEACH_HANDBALL,Refereeing in Beach Handball,EHF,Publicação técnica oficial,2025-07-03,2025,https://beach.eurohandball.com/media/lmwekq2t/refereeing-in-beach-handball.pdf,uso interno operacional,arbitragem/preparação física/estresse térmico,B,"Publicação técnica EHF sobre demandas físicas da arbitragem no beach handball, carga de torneio, deslocamento em areia, frequência cardíaca, hidratação e risco térmico com referência operacional a WBGT. Usar para preparação física e protocolos ambientais de arbitragem; não substitui regra oficial.",beach_handball_ai/fontes/02_ehf_tecnico/refereeing_beach_handball.pdf,validado_tecnico_educacional_ehf,ba4974fbee3e014da3cf166489f127744a4a4eb56645f3d904ccc583b565b9eb,2026-06-11,,beach_handball_ai/fontes,fonte_tecnica_esperada,,apoio,permitido_quando_fase2_liberada
SCOUT_SCHEMA,Scout Schema CEPRAEA,CEPRAEA,Fonte própria interna,,v0,,uso interno operacional,schema operacional/dados/kpis,C interno controlado,"Schema funcional do ScoutPraia v0.1 baseado no modelo Event, nos agrupamentos analíticos e nos relatórios atuais do app.",beach_handball_ai/fontes/04_fontes_proprias_cepraea/scout_schema.md,base_interna_elaborada_v0,01ddec79fff47038267c2adb8e2ac72e4096e07ef5949380490bb04e417f87d1,2026-06-11,,beach_handball_ai/fontes,fonte_propria_em_elaboracao,,apoio,permitido_com_prioridade_baixa_e_ressalva_interna
SCOUT_SOURCES_CATALOG,Fontes do ScoutPraia,ScoutPraia,Catálogo canônico do repositório,,v1,,uso interno operacional,catalogo/fontes,catálogo_canônico,Arquivo canônico do repositório para catalogar fontes usadas no ScoutPraia.,docs/sources/README.md,catalogo_canonico_repo,7b0972b1b7dcd4315b09494ab0da61eabbefa47f439b6ed80f88d5a81535a27a,2026-06-11,,docs/sources,catalogo_canonico_repo,,referencia,referencia
SHOOTOUT_PSYCHOLOGICAL_PRESSURE,Understanding Psychological Pressure in Beach Handball Shootouts,EHF,Publicação técnica oficial,2025-07-09,2025,https://beach.eurohandball.com/media/sqtbh0o4/understanding-psyhological-pressure-in-beach-handball-shootouts.pdf,uso interno operacional,psicologia do esporte/shoot-out/preparação mental,B,"Publicação técnica EHF focada em pressão psicológica em shoot-outs: ansiedade competitiva, foco, confiança, rotinas mentais, respiração, mindfulness, self-talk e coping sob alta pressão. Usar para preparação mental de atletas e goleiras; não fundamenta regra oficial.",beach_handball_ai/fontes/02_ehf_tecnico/shootout_psychological_pressure.pdf,validado_tecnico_educacional_ehf,1d9c5477b1b26d1884adfec96aa2d0fd7c2bf2bfb17241e59f391a88b24e8896,2026-06-11,,beach_handball_ai/fontes,fonte_tecnica_esperada,,apoio,permitido_quando_fase2_liberada
SRC_HANDBALL_AI_VALIDATION_2023,Development and Validation of an Observational Game Analysis Tool with Artificial Intelligence for Handball: Handball.ai,Sensors,Metodologia científica,2023,2023,https://pmc.ncbi.nlm.nih.gov/articles/PMC10422213/,uso interno educacional,metodologia observacional,B científico revisado por pares,Fonte metodológica complementar já listada no catálogo canônico.,docs/sources/validation_observational_instrument_handball_2023.html,validado_canonico_repo,ac243282a0cb78b0d090696d32d3d8e61d095bfee2d7c853db2c05a0ef2817eb,2026-06-11,SRC-OBS-MEASUREMENT,docs/sources,fonte_primaria_metodologica,,sim,permitido_quando_fase2_liberada
SRC_IHF_RULES_DERIVED_TEXT,regras.md,ScoutPraia,Artefato derivado textual,,2026-06-11,,uso interno operacional,regra/derivado,derivado,Derivado textual do PDF IHF; não substituir a fonte normativa original.,docs/sources/REF_S01_Regras_Oficiais_IHF_2026.md,derivado_textual_repo,bd0a1cc911c2799b272337c8c20b023ca92ba93f1558fbcea158ddf21137941a,2026-06-11,,docs/sources,artefato_derivado,SRC_IHF_RULES_FILE,apoio,permitido_com_ressalva
SRC_IHF_RULES_FILE,IHF Rules of the Game — Beach Handball,IHF,Regra oficial,2026-03-01,2026,https://www.ihf.info/sites/default/files/2026-03/09B%20-%20Rules%20of%20the%20Game_Beach%20Handball_E.pdf,uso interno educacional,regra,A,Fonte normativa canônica já usada pelo ScoutPraia no repositório.,docs/sources/ihf_rules_beach_handball.pdf,validado_canonico_repo,6259ea027d240af72afa656130a519b480a791785d5af893f27a91792579fa06,2026-06-11,SRC-IHF-RULES,docs/sources,fonte_primaria_normativa,,sim,permitido_quando_fase2_liberada
SRC_NOTATIONAL_BH_IANNACCONE_2022,Notational analysis of beach handball,Human Movement,Literatura científica,2022,2022,https://hummov.awf.wroc.pl/Notational-analysis-of-beach-handball%2C130277%2C0%2C2.html,uso interno educacional,análise notacional,B científico revisado por pares,"Fonte científica canônica do repositório para indicadores de finalização, zonas e eficiência.",docs/sources/notational_analysis_bh_iannaccone_2022.pdf,validado_canonico_repo,f4615b74db6e8283746ed67c692157066026a4a6d53f9798f3f03753bbd7ffad,2026-06-11,SRC-NOTATIONAL-BH,docs/sources,fonte_primaria_cientifica,,sim,permitido_quando_fase2_liberada
SRC_OBS_MEASUREMENT_PRIMER_2017,A Primer on Observational Measurement,Assessment,Metodologia científica,2017,2017,https://pmc.ncbi.nlm.nih.gov/articles/PMC5426358/,uso interno educacional,metodologia observacional,B científico revisado por pares,Fonte metodológica canônica do repositório para confiabilidade e definição operacional.,docs/sources/primer_observational_measurement_2017.html,validado_canonico_repo,c064f3be37adaf6401b4320148793a046996e7bca0e973be2fa02663e3af6a72,2026-06-11,SRC-OBS-MEASUREMENT,docs/sources,fonte_primaria_metodologica,,sim,permitido_quando_fase2_liberada
SRC_OPENAI_EVALS_SNAPSHOT,Working with evals,OpenAI,Snapshot documental,,snapshot_2026-06-11,https://developers.openai.com/api/docs/guides/evals,uso interno educacional,ia/eval,C conceitual / fase 2,"Snapshot local listado no catálogo canônico; uso conceitual, não dependência ativa do MVP.",docs/sources/_deprecated/DEPR_S03_OpenAI_Evals.md,catalogada_fase2_bloqueada,cea2495c8e4d75fde42b989188ad6e70ed33c8331765c88c22bf57a0dc03b353,2026-06-11,SRC-OPENAI-EVALS,docs/sources,fonte_conceitual_fase2,,nao,bloqueado_ate_g5_e_fase2
SRC_RAG_STRUCTURED_FILE,Reducing hallucination in structured outputs via Retrieval-Augmented Generation,NAACL Industry Track,Referência de IA/RAG,2024,2024,https://aclanthology.org/2024.naacl-industry.19/,uso interno educacional,ia/rag,C conceitual / fase 2,Fonte conceitual de fase 2; não é dependência ativa do MVP atual.,docs/sources/2024.naacl-industry.19.pdf,catalogada_fase2_bloqueada,596a285995c804eb9ebfd9a2fc4747118baaf5f3aa085172ef115f6698b96dd0,2026-06-11,SRC-RAG-STRUCTURED,docs/sources,fonte_conceitual_fase2,,nao,bloqueado_ate_g5_e_fase2
SRC_SYNTHESIS_BH_FILE,Scout de Handebol de Areia: Fontes Fortes,ScoutPraia,Síntese interna,,curadoria_v1,,uso interno operacional,curadoria secundária,D secundária,Curadoria secundária já descrita como não primária no catálogo canônico.,docs/sources/REF_S02_Fontes_Fortes_Handebol.md,secundaria_nao_citar_como_primaria,64804a578f0e928fa002e4108806f5bd7367d37a366feaa9ee680096aab0c4c2,2026-06-11,SRC-SYNTHESIS-BH,docs/sources,fonte_secundaria_interna,SRC_NOTATIONAL_BH_IANNACCONE_2022;SRC_WOMENS_BH_STATISTICS_2022;SRC_OBS_MEASUREMENT_PRIMER_2017;SRC_HANDBALL_AI_VALIDATION_2023,referencia,permitido_como_secundaria
SRC_WOMENS_BH_STATISTICS_2022,Women's beach handball game statistics,Kinesiology,Literatura científica,2022,2022,https://hrcak.srce.hr/clanak/403495,uso interno educacional,análise notacional,B científico revisado por pares,Fonte científica complementar já listada no catálogo canônico.,docs/sources/womens_bh_statistics_kazan_2022.pdf,validado_canonico_repo,af30bbd3236be1b1a9a0425054656f1d3bbfd1a5a38b37c8e717f27eb7bf4783,2026-06-11,SRC-NOTATIONAL-BH,docs/sources,fonte_primaria_cientifica,,sim,permitido_quando_fase2_liberada
ULTIMATE_SCHOOL_HANDBALL_2025,Ultimate School Handball 2025,EHF,Publicação educacional oficial,2025-01-28,2025,https://beach.eurohandball.com/media/ewyhoa03/ultimate-school-handball-2025.pdf,uso interno operacional,ensino escolar/metodologia/iniciação,B,"Guia educacional EHF para ensino escolar baseado em características universais do beach handball: fair play, power-play ofensivo, pouco contato, sets, soft balls, block-change e módulos como 4:3+1. Usar para iniciação, pedagogia e adaptação escolar; não é regulamento oficial competitivo.",beach_handball_ai/fontes/02_ehf_tecnico/ultimate_school_handball_2025.pdf,validado_tecnico_educacional_ehf,383a0887ee035393711441194994098f8d90b2675c9c61ff63bbbcd21dfb79d7,2026-06-11,,beach_handball_ai/fontes,fonte_tecnica_esperada,,apoio,permitido_quando_fase2_liberada
